{
    "master": {
        "controlPoint": [
            [
                1.0079005322074925,
                6.896877685817587e-17,
                -0.9877929460306922
            ],
            [
                -1.2643170607829326e-16,
                6.785732323110913e-17,
                -0.987792764516545
            ],
            [
                -1.0169063216678786,
                6.896877685817591e-17,
                -0.9877929460306922
            ],
            [
                -1.0169061401537314,
                1.966335461618786e-32,
                -3.21126950723723e-16
            ],
            [
                -1.0169063216678786,
                -6.896877685817589e-17,
                1.0020897296560993
            ],
            [
                -3.3392053635905195e-16,
                -6.785732323110915e-17,
                1.0020895481419518
            ],
            [
                1.0079005322074925,
                -6.896877685817591e-17,
                1.0020897296560993
            ],
            [
                1.0079003506933448,
                -3.644630067904792e-32,
                5.952132599280585e-16
            ],
            [
                1.0079005322074925,
                6.896877685817587e-17,
                -0.9877929460306922
            ],
            [
                -1.2643170607829326e-16,
                6.785732323110913e-17,
                -0.987792764516545
            ],
            [
                -1.0169063216678786,
                6.896877685817591e-17,
                -0.9877929460306922
            ]
        ],
        "knot": [
            -2.0,
            -1.0,
            0.0,
            1.0,
            2.0,
            3.0,
            4.0,
            5.0,
            6.0,
            7.0,
            8.0,
            9.0,
            10.0
        ]
    }
}